{
    "heart": {
        "logreg": {
            "Accuracy": 0.8097560975609757,
            "F1": 0.8311688311688312,
            "AUC": 0.9298095238095239
        },
        "rf": {
            "Accuracy": 1.0,
            "F1": 1.0,
            "AUC": 1.0
        }
    },
    "diabetes": {
        "logreg": {
            "Accuracy": 0.7142857142857143,
            "F1": 0.56,
            "AUC": 0.8229629629629629
        },
        "rf": {
            "Accuracy": 0.7597402597402597,
            "F1": 0.6336633663366337,
            "AUC": 0.8117592592592593
        }
    }
}